Photo;photo.jpg;prenom;lucas;Nom;bakou;addresse;Pollux
Photo;photo.jpg;prenom;alice;Nom;baki;addresse;Pollux
Photo;photo.jpg;prenom;annabelle;Nom;bakram;addresse;Pollux
Photo;photo.jpg;prenom;thibault;Nom;boubou;addresse;Pollux
Photo;photo.jpg;prenom;hugo;Nom;bibi;addresse;Pollux
Photo;photo.jpg;prenom;maxime;Nom;baba;addresse;Pollux
Photo;photo.jpg;prenom;lucas;Nom;bakou;addresse;Pollux
Photo;photo.jpg;prenom;alice;Nom;baki;addresse;Pollux
Photo;photo.jpg;prenom;annabelle;Nom;bakram;addresse;Pollux
Photo;photo.jpg;prenom;thibault;Nom;boubou;addresse;Pollux
Photo;photo.jpg;prenom;hugo;Nom;bibi;addresse;Pollux
Photo;photo.jpg;prenom;maxime;Nom;baba;addresse;Pollux
Photo;photo.jpg;prenom;lucas;Nom;bakou;addresse;Pollux
Photo;photo.jpg;prenom;alice;Nom;baki;addresse;Pollux
Photo;photo.jpg;prenom;annabelle;Nom;bakram;addresse;Pollux
Photo;photo.jpg;prenom;thibault;Nom;boubou;addresse;Pollux
Photo;photo.jpg;prenom;hugo;Nom;bibi;addresse;Pollux
Photo;photo.jpg;prenom;maxime;Nom;baba;addresse;Pollux